# IceCube measured / SM (flux-weighted), arXiv:1711.08119 Fig 1, as digitised
# published: 1.30 +0.21-0.19 (stat) +0.39-0.43 (syst), 6.3-980 TeV
# measurement is of CC+NC; applies as a common scale factor
# columns: E_GeV, ratio_to_SM
6.345108e+03,1.304348
7.260652e+03,1.295026
8.593030e+03,1.296625
1.016991e+04,1.292308
1.203616e+04,1.299465
1.473305e+04,1.302431
1.803423e+04,1.303411
2.134363e+04,1.296992
2.702137e+04,1.296970
3.307594e+04,1.296830
4.048714e+04,1.295666
4.955893e+04,1.302395
6.066341e+04,1.290323
7.943282e+04,1.303571
1.040095e+05,1.284585
1.316777e+05,1.285403
1.724191e+05,1.308642
2.257660e+05,1.287671
3.270651e+05,1.290323
4.581162e+05,1.307692
6.636685e+05,1.284133
9.614503e+05,1.333333
